{
  "correction_factor": 4.715505177388878e-16,
  "depth_offset": 0.4999999999999998,
  "calibration_points": [
    [
      0.3970000147819519,
      0.5
    ],
    [
      0.398000031709671,
      0.5
    ],
    [
      0.3970000147819519,
      0.5
    ],
    [
      0.398000031709671,
      0.5
    ]
  ],
  "timestamp": "2026-01-29T20:54:42.231513"
}